INSERT INTO `a_chengshiu_agv` (`agv_id`,`agv_name`,`type_id`,`ipcam_ip`,`create_by`,`create_time`,`modify_by`,`modify_time`) VALUES 
 ('CSU_AGVA','AGV-A','1','http://root:root@192.168.1.201:5487/mjpg/video.mjpg','admin',NOW(),'admin',NOW()),
 ('CSU_AGVB','AGV-B','1','http://root:root@192.168.1.202:5487/mjpg/video.mjpg','admin',NOW(),'admin',NOW()),
 ('CSU_AGVC','AGV-C','2','','admin',NOW(),'admin',NOW()),
 ('CSU_AGVD','AGV-D','2','','admin',NOW(),'admin',NOW());

INSERT INTO `a_chengshiu_agv_rfid` (`rfid_id`,`local_id`,`create_by`,`create_time`,`modify_by`,`modify_time`) VALUES 
 ('A001','I','admin',NOW(),'admin',NOW()),
 ('A002','I','admin',NOW(),'admin',NOW()),
 ('A003','I','admin',NOW(),'admin',NOW()),
 ('A004','O','admin',NOW(),'admin',NOW()),
 ('A005','O','admin',NOW(),'admin',NOW()),
 ('A006','O','admin',NOW(),'admin',NOW()),
 ('A007','O','admin',NOW(),'admin',NOW()),
 ('A008','O','admin',NOW(),'admin',NOW()),
 ('A009','O','admin',NOW(),'admin',NOW()),
 ('A010','I','admin',NOW(),'admin',NOW()),
 ('A011','I','admin',NOW(),'admin',NOW()),
 ('A012','I','admin',NOW(),'admin',NOW()),
 ('A013','O','admin',NOW(),'admin',NOW()),
 ('A014','O','admin',NOW(),'admin',NOW()),
 ('A015','O','admin',NOW(),'admin',NOW()),
 ('A016','O','admin',NOW(),'admin',NOW()),
 ('A017','O','admin',NOW(),'admin',NOW()),
 ('A018','O','admin',NOW(),'admin',NOW()),
 ('A019','O','admin',NOW(),'admin',NOW()),
 ('A020','O','admin',NOW(),'admin',NOW()),
 ('A021','O','admin',NOW(),'admin',NOW()),
 ('A022','O','admin',NOW(),'admin',NOW()),
 ('A023','O','admin',NOW(),'admin',NOW()),
 ('A024','O','admin',NOW(),'admin',NOW()),
 ('A025','O','admin',NOW(),'admin',NOW()),
 ('A026','I','admin',NOW(),'admin',NOW()),
 ('A027','I','admin',NOW(),'admin',NOW()),
 ('A029','I','admin',NOW(),'admin',NOW()),
 ('A030','I','admin',NOW(),'admin',NOW()),
 ('A031','I','admin',NOW(),'admin',NOW()),
 ('A032','I','admin',NOW(),'admin',NOW()),
 ('A033','I','admin',NOW(),'admin',NOW()),
 ('A034','I','admin',NOW(),'admin',NOW()),
 ('A035','I','admin',NOW(),'admin',NOW()),
 ('A036','I','admin',NOW(),'admin',NOW()),
 ('A037','I','admin',NOW(),'admin',NOW()),
 ('A038','I','admin',NOW(),'admin',NOW()),
 ('A039','I','admin',NOW(),'admin',NOW()),
 ('A040','O','admin',NOW(),'admin',NOW()),
 ('A041','I','admin',NOW(),'admin',NOW()),
 ('A042','I','admin',NOW(),'admin',NOW()),
 ('A043','O','admin',NOW(),'admin',NOW()),
 ('A044','O','admin',NOW(),'admin',NOW()),
 ('A045','O','admin',NOW(),'admin',NOW());


INSERT INTO `a_chengshiu_sensor_type` (`type_id`,`type_name`,`max_in`,`min_in`,`max_out`,`min_out`,`is_open`,`create_by`,`create_time`,`modify_by`,`modify_time`) VALUES 
 ('CO','一氧化碳(ppm)',50,NULL,50,NULL,'Y','admin',NOW(),'admin',NOW()),
 ('O2','氧氣(%)',NULL,18,NULL,18,'Y','admin',NOW(),'admin',NOW()),
 ('CO2','二氧化碳(ppm)',1000,NULL,500,NULL,'Y','admin',NOW(),'admin',NOW()),
 ('CH4','甲烷(%)',20,78,20,78,'Y','admin',NOW(),'admin',NOW()),
 ('C7H8','甲苯(%)',1,7,1,7,'Y','admin',NOW(),'admin',NOW()),
 ('Temp','溫度(°C)',45,NULL,45,NULL,'Y','admin',NOW(),'admin',NOW()),
 ('RH','濕度(RH%)',90,NULL,90,NULL,'Y','admin',NOW(),'admin',NOW()),
 ('PM2.5','PM2.5(ppm)',35,NULL,35,NULL,'Y','admin',NOW(),'admin',NOW()),
 ('VOC','VOC(%)',14,NULL,14,NULL,'Y','admin',NOW(),'admin',NOW()),
 ('CH2O','甲醛(ppm)',3,NULL,3,NULL,'Y','admin',NOW(),'admin',NOW()),
 ('NH3','氨氣(%)',15,25,15,25,'Y','admin',NOW(),'admin',NOW());

INSERT INTO `a_chengshiu_sensor` (`sensor_id`,`sensor_name`,`local_id`,`agv_id`,`type_id`,`create_by`,`create_time`,`modify_by`,`modify_time`) VALUES 
 ('G_AGVA1','CO一氧化碳','2','CSU_AGVA','CO','admin',NOW(),'admin',NOW()),
 ('G_AGVA2','O2氧	','2','CSU_AGVA','O2','admin',NOW(),'admin',NOW()),
 ('G_AGVA3','CO一氧化碳','2','CSU_AGVA','CO2','admin',NOW(),'admin',NOW()),
 ('G_AGVA4','LEL綜合','2','CSU_AGVA','CH4','admin',NOW(),'admin',NOW()),
 ('G_AGVA5','LEL綜合','2','CSU_AGVA','C7H8','admin',NOW(),'admin',NOW()),
 ('G_AGVA6','溫度','2','CSU_AGVA','Temp','admin',NOW(),'admin',NOW()),
 ('G_AGVA7','濕度','2','CSU_AGVA','RH','admin',NOW(),'admin',NOW()),
 ('G_AGVB1','CO一氧化碳','2','CSU_AGVB','CO','admin',NOW(),'admin',NOW()),
 ('G_AGVB2','O2氧	','2','CSU_AGVB','O2','admin',NOW(),'admin',NOW()),
 ('G_AGVB3','CO一氧化碳','2','CSU_AGVB','CO2','admin',NOW(),'admin',NOW()),
 ('G_AGVB4','LEL綜合','2','CSU_AGVB','CH4','admin',NOW(),'admin',NOW()),
 ('G_AGVB5','LEL綜合','2','CSU_AGVB','C7H8','admin',NOW(),'admin',NOW()),
 ('G_AGVB6','溫度','2','CSU_AGVB','Temp','admin',NOW(),'admin',NOW()),
 ('G_AGVB7','濕度','2','CSU_AGVB','RH','admin',NOW(),'admin',NOW()),
 ('G_ENV01','1. GD001 PM2.5','1',NULL,'PM2.5','admin',NOW(),'admin',NOW()),
 ('G_ENV02','2. GD002 PM2.5','1',NULL,'PM2.5','admin',NOW(),'admin',NOW()),
 ('G_ENV03','3. GD003 CO2','1',NULL,'CO2','admin',NOW(),'admin',NOW()),
 ('G_ENV04','3. GD004 VOC','1',NULL,'VOC','admin',NOW(),'admin',NOW()),
 ('G_ENV05','4. GD005 CO2','1',NULL,'CO2','admin',NOW(),'admin',NOW()),
 ('G_ENV06','4. GD006 VOC','1',NULL,'VOC','admin',NOW(),'admin',NOW()),
 ('G_ENV07','5. GD007 甲醛','1',NULL,'CH2O','admin',NOW(),'admin',NOW()),
 ('G_ENV08','6. GD008 甲醛','1',NULL,'CH2O','admin',NOW(),'admin',NOW()),
 ('G_ENV09','7. GD009 NH3','1',NULL,'NH3','admin',NOW(),'admin',NOW()),
 ('G_ENV10','8. GD010 O2','1',NULL,'O2','admin',NOW(),'admin',NOW()),
 ('G_ENV11','9. GD011 O2','1',NULL,'O2','admin',NOW(),'admin',NOW()),
 ('G_ENV12','10. GD012 CO2','1',NULL,'CO2','admin',NOW(),'admin',NOW()),
 ('G_ENV13','11. GD013 CO','1',NULL,'CO','admin',NOW(),'admin',NOW()),
 ('G_ENV14','12. GD014 CO','1',NULL,'CO','admin',NOW(),'admin',NOW()),
 ('G_ENV15','13. GD015 CO','1',NULL,'CO','admin',NOW(),'admin',NOW()),
 ('G_ENV16','溫度(℃)','1',NULL,'Temp','admin',NOW(),'admin',NOW()),
 ('G_ENV17','溫度(℃)','1',NULL,'Temp','admin',NOW(),'admin',NOW()),
 ('G_ENV18','溫度(℃)','1',NULL,'Temp','admin',NOW(),'admin',NOW()),
 ('G_ENV19','溫度(℃)','1',NULL,'Temp','admin',NOW(),'admin',NOW()),
 ('G_ENV20','濕度(RH%)','1',NULL,'RH','admin',NOW(),'admin',NOW()),
 ('G_ENV21','濕度(RH%)','1',NULL,'RH','admin',NOW(),'admin',NOW()),
 ('G_ENV22','濕度(RH%)','1',NULL,'RH','admin',NOW(),'admin',NOW()),
 ('G_ENV23','濕度(RH%)','1',NULL,'RH','admin',NOW(),'admin',NOW()),
 ('G_ENV24','G_ENV24','1',NULL,'PM2.5','admin',NOW(),'admin',NOW()),
 ('G_ENV25','G_ENV25','1',NULL,'PM2.5','admin',NOW(),'admin',NOW());
