2014/01/01|01
2014/01/02|01
2014/01/03|01
2014/01/04|01
2014/01/05|02
2014/01/06|02
2014/01/07|02
2014/01/08|02
2014/01/09|02
2014/01/10|02
2014/01/11|02
2014/01/12|03
2014/01/13|03
2014/01/14|03
2014/01/15|03
2014/01/16|03
2014/01/17|03
2014/01/18|03
2014/01/19|04
2014/01/20|04
2014/01/21|04
2014/01/22|04
2014/01/23|04
2014/01/24|04
2014/01/25|04
2014/01/26|05
2014/01/27|05
2014/01/28|05
2014/01/29|05
2014/01/30|05
2014/01/31|05
2014/02/01|05
2014/02/02|06
2014/02/03|06
2014/02/04|06
2014/02/05|06
2014/02/06|06
2014/02/07|06
2014/02/08|06
2014/02/09|07
2014/02/10|07
2014/02/11|07
2014/02/12|07
2014/02/13|07
2014/02/14|07
2014/02/15|07
2014/02/16|08
2014/02/17|08
2014/02/18|08
2014/02/19|08
2014/02/20|08
2014/02/21|08
2014/02/22|08
2014/02/23|09
2014/02/24|09
2014/02/25|09
2014/02/26|09
2014/02/27|09
2014/02/28|09
2014/03/01|09
2014/03/02|10
2014/03/03|10
2014/03/04|10
2014/03/05|10
2014/03/06|10
2014/03/07|10
2014/03/08|10
2014/03/09|11
2014/03/10|11
2014/03/11|11
2014/03/12|11
2014/03/13|11
2014/03/14|11
2014/03/15|11
2014/03/16|12
2014/03/17|12
2014/03/18|12
2014/03/19|12
2014/03/20|12
2014/03/21|12
2014/03/22|12
2014/03/23|13
2014/03/24|13
2014/03/25|13
2014/03/26|13
2014/03/27|13
2014/03/28|13
2014/03/29|13
2014/03/30|14
2014/03/31|14
2014/04/01|14
2014/04/02|14
2014/04/03|14
2014/04/04|14
2014/04/05|14
2014/04/06|15
2014/04/07|15
2014/04/08|15
2014/04/09|15
2014/04/10|15
2014/04/11|15
2014/04/12|15
2014/04/13|16
2014/04/14|16
2014/04/15|16
2014/04/16|16
2014/04/17|16
2014/04/18|16
2014/04/19|16
2014/04/20|17
2014/04/21|17
2014/04/22|17
2014/04/23|17
2014/04/24|17
2014/04/25|17
2014/04/26|17
2014/04/27|18
2014/04/28|18
2014/04/29|18
2014/04/30|18
2014/05/01|18
2014/05/02|18
2014/05/03|18
2014/05/04|19
2014/05/05|19
2014/05/06|19
2014/05/07|19
2014/05/08|19
2014/05/09|19
2014/05/10|19
2014/05/11|20
2014/05/12|20
2014/05/13|20
2014/05/14|20
2014/05/15|20
2014/05/16|20
2014/05/17|20
2014/05/18|21
2014/05/19|21
2014/05/20|21
2014/05/21|21
2014/05/22|21
2014/05/23|21
2014/05/24|21
2014/05/25|22
2014/05/26|22
2014/05/27|22
2014/05/28|22
2014/05/29|22
2014/05/30|22
2014/05/31|22
2014/06/01|23
2014/06/02|23
2014/06/03|23
2014/06/04|23
2014/06/05|23
2014/06/06|23
2014/06/07|23
2014/06/08|24
2014/06/09|24
2014/06/10|24
2014/06/11|24
2014/06/12|24
2014/06/13|24
2014/06/14|24
2014/06/15|25
2014/06/16|25
2014/06/17|25
2014/06/18|25
2014/06/19|25
2014/06/20|25
2014/06/21|25
2014/06/22|26
2014/06/23|26
2014/06/24|26
2014/06/25|26
2014/06/26|26
2014/06/27|26
2014/06/28|26
2014/06/29|27
2014/06/30|27
2014/07/01|27
2014/07/02|27
2014/07/03|27
2014/07/04|27
2014/07/05|27
2014/07/06|28
2014/07/07|28
2014/07/08|28
2014/07/09|28
2014/07/10|28
2014/07/11|28
2014/07/12|28
2014/07/13|29
2014/07/14|29
2014/07/15|29
2014/07/16|29
2014/07/17|29
2014/07/18|29
2014/07/19|29
2014/07/20|30
2014/07/21|30
2014/07/22|30
2014/07/23|30
2014/07/24|30
2014/07/25|30
2014/07/26|30
2014/07/27|31
2014/07/28|31
2014/07/29|31
2014/07/30|31
2014/07/31|31
2014/08/01|31
2014/08/02|31
2014/08/03|32
2014/08/04|32
2014/08/05|32
2014/08/06|32
2014/08/07|32
2014/08/08|32
2014/08/09|32
2014/08/10|33
2014/08/11|33
2014/08/12|33
2014/08/13|33
2014/08/14|33
2014/08/15|33
2014/08/16|33
2014/08/17|34
2014/08/18|34
2014/08/19|34
2014/08/20|34
2014/08/21|34
2014/08/22|34
2014/08/23|34
2014/08/24|35
2014/08/25|35
2014/08/26|35
2014/08/27|35
2014/08/28|35
2014/08/29|35
2014/08/30|35
2014/08/31|36
2014/09/01|36
2014/09/02|36
2014/09/03|36
2014/09/04|36
2014/09/05|36
2014/09/06|36
2014/09/07|37
2014/09/08|37
2014/09/09|37
2014/09/10|37
2014/09/11|37
2014/09/12|37
2014/09/13|37
2014/09/14|38
2014/09/15|38
2014/09/16|38
2014/09/17|38
2014/09/18|38
2014/09/19|38
2014/09/20|38
2014/09/21|39
2014/09/22|39
2014/09/23|39
2014/09/24|39
2014/09/25|39
2014/09/26|39
2014/09/27|39
2014/09/28|40
2014/09/29|40
2014/09/30|40
2014/10/01|40
2014/10/02|40
2014/10/03|40
2014/10/04|40
2014/10/05|41
2014/10/06|41
2014/10/07|41
2014/10/08|41
2014/10/09|41
2014/10/10|41
2014/10/11|41
2014/10/12|42
2014/10/13|42
2014/10/14|42
2014/10/15|42
2014/10/16|42
2014/10/17|42
2014/10/18|42
2014/10/19|43
2014/10/20|43
2014/10/21|43
2014/10/22|43
2014/10/23|43
2014/10/24|43
2014/10/25|43
2014/10/26|44
2014/10/27|44
2014/10/28|44
2014/10/29|44
2014/10/30|44
2014/10/31|44
2014/11/01|44
2014/11/02|45
2014/11/03|45
2014/11/04|45
2014/11/05|45
2014/11/06|45
2014/11/07|45
2014/11/08|45
2014/11/09|46
2014/11/10|46
2014/11/11|46
2014/11/12|46
2014/11/13|46
2014/11/14|46
2014/11/15|46
2014/11/16|47
2014/11/17|47
2014/11/18|47
2014/11/19|47
2014/11/20|47
2014/11/21|47
2014/11/22|47
2014/11/23|48
2014/11/24|48
2014/11/25|48
2014/11/26|48
2014/11/27|48
2014/11/28|48
2014/11/29|48
2014/11/30|49
2014/12/01|49
2014/12/02|49
2014/12/03|49
2014/12/04|49
2014/12/05|49
2014/12/06|49
2014/12/07|50
2014/12/08|50
2014/12/09|50
2014/12/10|50
2014/12/11|50
2014/12/12|50
2014/12/13|50
2014/12/14|51
2014/12/15|51
2014/12/16|51
2014/12/17|51
2014/12/18|51
2014/12/19|51
2014/12/20|51
2014/12/21|52
2014/12/22|52
2014/12/23|52
2014/12/24|52
2014/12/25|52
2014/12/26|52
2014/12/27|52
2014/12/28|53
2014/12/29|53
2014/12/30|53
2014/12/31|53
